100,-127080.242,14184.20418,-112896.0378,189.320344,1.018537271
200,-126548.7944,15497.60656,-111051.1879,206.8506747,1.018537271
300,-125714.6818,16414.19789,-109300.4839,219.0846628,1.018537271
400,-124698.0699,16969.4932,-107728.5767,226.496337,1.018537271
500,-124397.887,17792.35797,-106605.5291,237.4793319,1.018537271
600,-123544.9123,18405.14934,-105139.763,245.6584211,1.018537271
700,-122749.4403,18802.69979,-103946.7405,250.9646326,1.018537271
800,-122195.4354,19526.5578,-102668.8776,260.626158,1.018537271
900,-121474.761,19635.48321,-101839.2778,262.0800144,1.018537271
1000,-120672.622,20029.35526,-100643.2668,267.3371293,1.018537271
1100,-120147.9504,20401.99435,-99745.95601,272.3108424,1.018537271
1200,-119514.0726,20565.85862,-98948.21395,274.4979823,1.018537271
1300,-119356.81,21276.09959,-98080.71042,283.9777574,1.018537271
1400,-118824.3763,21547.25825,-97277.118,287.5969841,1.018537271
1500,-118453.5267,21685.33295,-96768.19374,289.4399037,1.018537271
1600,-117915.4499,21774.59635,-96140.85356,290.6313261,1.018537271
1700,-117884.9712,22351.48306,-95533.48812,298.3311864,1.018537271
1800,-117350.5041,22263.06214,-95087.44201,297.1510088,1.018537271
1900,-117033.9637,22329.28968,-94704.674,298.0349655,1.018537271
2000,-116884.4716,22462.7039,-94421.76772,299.8156805,1.018537271
2100,-116602.0844,22785.75492,-93816.32948,304.1275283,1.018537271
2200,-116158.8117,22805.56901,-93353.24269,304.3919923,1.018537271
2300,-115980.5603,22804.99519,-93175.56509,304.3843334,1.018537271
2400,-115645.3479,22981.28378,-92664.06407,306.737304,1.018537271
2500,-115476.4195,23238.68657,-92237.73295,310.1729275,1.018537271
2600,-115151.0356,23355.61376,-91795.42184,311.7335857,1.018537271
2700,-115071.4921,23487.77406,-91583.71799,313.4975645,1.018537271
2800,-114509.3077,23455.48435,-91053.82334,313.066585,1.018537271
2900,-114387.321,23573.66759,-90813.65345,314.6440082,1.018537271
3000,-114054.3032,23292.74642,-90761.55682,310.8944787,1.018537271
3100,-114374.1082,23823.20462,-90550.90361,317.9746453,1.018537271
3200,-113995.2483,23776.85378,-90218.39452,317.3559883,1.018537271
3300,-113563.1421,23739.38778,-89823.75436,316.8559196,1.018537271
3400,-113407.0444,23991.54065,-89415.50374,320.221471,1.018537271
3500,-113251.1676,23980.30497,-89270.86267,320.0715054,1.018537271
3600,-113046.9264,24048.85352,-88998.07291,320.9864412,1.018537271
3700,-113078.0076,24320.94524,-88757.06234,324.6181217,1.018537271
3800,-112880.7997,24149.80584,-88730.99382,322.3338787,1.018537271
3900,-112692.9106,24227.45668,-88465.45388,323.3703051,1.018537271
4000,-112572.6922,24331.06029,-88241.63193,324.75313,1.018537271
4100,-112264.2132,24064.01951,-88200.19366,321.1888657,1.018537271
4200,-112595.5206,24276.70337,-88318.81719,324.0276137,1.018537271
4300,-112575.1975,24199.16272,-88376.03479,322.9926579,1.018537271
4400,-112757.0249,24475.59456,-88281.43033,326.6822673,1.018537271
4500,-112649.88,24411.35153,-88238.52843,325.8247985,1.018537271
4600,-112629.2046,24262.30382,-88366.90079,323.8354191,1.018537271
4700,-112847.7521,24514.25551,-88333.49659,327.1982853,1.018537271
4800,-112293.5091,24111.62082,-88181.88823,321.8242131,1.018537271
4900,-112565.0754,24487.32372,-88077.75166,326.8388195,1.018537271
5000,-112738.4938,24517.57763,-88220.9162,327.2426265,1.018537271
5100,-112564.2347,24140.78055,-88423.45416,322.2134157,1.018537271
5200,-112621.5952,24307.7543,-88313.84093,324.4420587,1.018537271
5300,-112976.2761,24444.84086,-88531.4352,326.2717895,1.018537271
5400,-112557.2294,24145.35661,-88411.87284,322.2744935,1.018537271
5500,-112577.008,24245.89921,-88331.10881,323.6164623,1.018537271
5600,-112778.2373,24461.05005,-88317.18723,326.4881378,1.018537271
5700,-112607.9145,24220.0308,-88387.88367,323.2711898,1.018537271
5800,-112358.1091,24152.14849,-88205.9606,322.3651466,1.018537271
5900,-112526.8883,24475.27388,-88051.61441,326.677987,1.018537271
6000,-112460.6522,24321.02746,-88139.62477,324.6192191,1.018537271
6100,-112512.1695,24546.76411,-87965.40534,327.6321862,1.018537271
6200,-111861.4425,23950.78055,-87910.66196,319.6774352,1.018537271
6300,-111971.5831,24190.95744,-87780.62571,322.8831399,1.018537271
6400,-111970.5345,24500.24416,-87470.29038,327.0112721,1.018537271
6500,-111779.4479,24448.57876,-87330.8691,326.3216802,1.018537271
6600,-111989.0862,24655.0554,-87334.03083,329.0775788,1.018537271
6700,-111899.9483,24380.01855,-87519.92973,325.4065889,1.018537271
6800,-112181.6706,24564.65249,-87617.01806,327.8709472,1.018537271
6900,-112259.1681,24563.92295,-87695.24512,327.8612097,1.018537271
7000,-112001.2022,24304.58751,-87696.61469,324.3997907,1.018537271
7100,-112075.1031,24506.15034,-87568.95273,327.0901034,1.018537271
7200,-112164.0208,24832.71007,-87331.31068,331.4487829,1.018537271
7300,-112495.6201,24998.79527,-87496.82479,333.6655662,1.018537271
7400,-112072.4769,24741.46685,-87331.01,330.2309354,1.018537271
7500,-112086.1814,24814.953,-87271.22837,331.2117746,1.018537271
7600,-112030.1544,24991.78261,-87038.3718,333.5719664,1.018537271
7700,-112154.9051,25269.63843,-86885.26667,337.2805819,1.018537271
7800,-111419.9421,24464.89018,-86955.05192,326.539393,1.018537271
7900,-111151.3056,24458.64863,-86692.65695,326.4560855,1.018537271
8000,-111506.9141,24716.81576,-86790.09832,329.9019108,1.018537271
8100,-111246.7356,24610.69041,-86636.04522,328.4854275,1.018537271
8200,-110986.29,24339.51574,-86646.77423,324.8659871,1.018537271
8300,-111506.1574,24657.46367,-86848.69376,329.1097226,1.018537271
8400,-111577.6008,24745.18572,-86832.41506,330.2805722,1.018537271
8500,-111791.4397,24826.91424,-86964.5255,331.3714244,1.018537271
8600,-111468.2757,24572.61598,-86895.65976,327.9772379,1.018537271
8700,-111234.0144,24282.35958,-86951.65482,324.1031086,1.018537271
8800,-111841.2506,24738.98769,-87102.26291,330.1978454,1.018537271
8900,-111811.1901,24936.5296,-86874.66048,332.8344897,1.018537271
9000,-111530.2475,24669.10686,-86861.14063,329.2651274,1.018537271
9100,-111589.7088,24921.56614,-86668.1427,332.6347685,1.018537271
9200,-111219.4352,24837.13954,-86382.29563,331.5079042,1.018537271
9300,-111405.6236,25092.64819,-86312.97541,334.918246,1.018537271
9400,-111694.7915,25306.55751,-86388.234,337.7733507,1.018537271
9500,-111659.141,25162.38076,-86496.76027,335.8489852,1.018537271
9600,-111482.9899,25135.25307,-86347.73681,335.4869047,1.018537271
9700,-111582.7265,25147.89717,-86434.82934,335.655669,1.018537271
9800,-111284.1653,24710.79272,-86573.37259,329.8215196,1.018537271
9900,-111613.8014,25168.71609,-86445.08532,335.9335447,1.018537271
10000,-111304.3723,24514.00751,-86790.36476,327.1949752,1.018537271
10100,-111440.4032,24730.16028,-86710.24289,330.0800236,1.018537271
10200,-111412.7072,24435.20574,-86977.50147,326.1431869,1.018537271
10300,-111662.7866,24805.6664,-86857.12016,331.0878238,1.018537271
10400,-111455.0743,24457.76116,-86997.31315,326.4442401,1.018537271
10500,-111635.9243,24932.57124,-86703.35306,332.7816565,1.018537271
10600,-111100.392,24662.66609,-86437.72593,329.1791607,1.018537271
10700,-111632.8255,24992.5386,-86640.2869,333.5820568,1.018537271
10800,-111547.5771,24696.37917,-86851.1979,329.6291381,1.018537271
10900,-111644.4528,24772.46697,-86871.98585,330.6447022,1.018537271
11000,-111653.712,24725.78017,-86927.93184,330.0215611,1.018537271
11100,-111972.6257,24838.45203,-87134.17368,331.5254224,1.018537271
11200,-112037.8053,24805.61228,-87232.19302,331.0871015,1.018537271
11300,-112103.6786,24793.87791,-87309.80068,330.9304798,1.018537271
11400,-112340.1929,25130.23198,-87209.96096,335.419887,1.018537271
11500,-112194.1548,24914.2338,-87279.92098,332.5369018,1.018537271
11600,-112147.9339,24789.60057,-87358.33337,330.8733889,1.018537271
11700,-112196.2906,24750.45113,-87445.83944,330.350851,1.018537271
11800,-112102.0932,24606.89106,-87495.20213,328.4347165,1.018537271
11900,-112033.5671,24342.6726,-87690.89452,324.9081225,1.018537271
12000,-112250.5664,24573.67111,-87676.89524,327.991321,1.018537271
12100,-112076.755,24452.55661,-87624.19838,326.3747737,1.018537271
12200,-111757.7668,24296.42686,-87461.33991,324.2908684,1.018537271
12300,-111829.7652,24633.14418,-87196.62103,328.7851239,1.018537271
12400,-111860.9519,24992.08394,-86868.868,333.5759883,1.018537271
12500,-111516.0125,24892.08556,-86623.92693,332.2412834,1.018537271
12600,-111125.5516,24313.90683,-86811.64479,324.5241782,1.018537271
12700,-111259.5903,24498.54955,-86761.04074,326.9886536,1.018537271
12800,-111735.3291,25001.67233,-86733.65681,333.7039672,1.018537271
12900,-111808.1175,24804.83937,-87003.27817,331.0767852,1.018537271
13000,-111719.6377,24853.51961,-86866.11805,331.7265334,1.018537271
13100,-111681.1817,24774.44975,-86906.73197,330.671167,1.018537271
13200,-111646.3154,24759.99174,-86886.32369,330.4781921,1.018537271
13300,-111753.79,24677.05216,-87076.73782,329.3711754,1.018537271
13400,-111916.9584,24942.80656,-86974.15188,332.9182701,1.018537271
13500,-111794.9745,24824.64154,-86970.33298,331.3410901,1.018537271
13600,-111600.0296,24574.00975,-87026.01985,327.9958409,1.018537271
13700,-111828.8643,24671.46145,-87157.40283,329.2965546,1.018537271
13800,-112150.1154,25215.53051,-86934.58487,336.5583891,1.018537271
13900,-111817.3263,24814.25785,-87003.06843,331.2024962,1.018537271
14000,-111734.8815,24574.26239,-87160.61907,327.999213,1.018537271
14100,-111707.2434,24772.55004,-86934.69339,330.6458111,1.018537271
14200,-111950.2983,24874.90734,-87075.39098,332.0120011,1.018537271
14300,-111736.6347,24619.1063,-87117.52839,328.5977566,1.018537271
14400,-111693.7537,24612.27052,-87081.48316,328.5065176,1.018537271
14500,-111515.5538,24634.1591,-86881.39471,328.7986704,1.018537271
14600,-111555.1471,24738.4871,-86816.65995,330.1911639,1.018537271
14700,-111690.4955,24838.22788,-86852.2676,331.5224306,1.018537271
14800,-112014.0219,24776.913,-87237.1089,330.7040446,1.018537271
14900,-112239.9742,25023.17339,-87216.80086,333.9909475,1.018537271
15000,-112568.4244,25090.04485,-87478.37959,334.8834987,1.018537271
15100,-111995.7196,24686.43268,-87309.28697,329.4963797,1.018537271
15200,-112084.5797,24923.16937,-87161.41028,332.6561672,1.018537271
15300,-111506.4291,24372.99511,-87133.434,325.3128452,1.018537271
15400,-112206.6886,25001.60302,-87205.08559,333.703042,1.018537271
15500,-111726.0583,24413.32957,-87312.72872,325.8511998,1.018537271
15600,-111978.3588,24671.91896,-87306.43985,329.3026612,1.018537271
15700,-111958.2663,24572.06965,-87386.19669,327.969946,1.018537271
15800,-111571.2486,24348.05192,-87223.19671,324.9799217,1.018537271
15900,-111415.5961,24344.34637,-87071.24974,324.9304628,1.018537271
16000,-111439.841,24316.29169,-87123.54931,324.5560095,1.018537271
16100,-111657.5619,24947.35018,-86710.21171,332.9789149,1.018537271
16200,-111828.835,25067.46965,-86761.36532,334.5821814,1.018537271
16300,-111669.3175,24987.26332,-86682.05419,333.5116463,1.018537271
16400,-111944.5924,25117.00003,-86827.59241,335.2432766,1.018537271
16500,-111587.6023,24689.1109,-86898.49141,329.5321266,1.018537271
16600,-111759.5062,24456.78148,-87302.7247,326.431164,1.018537271
16700,-112236.5999,24825.06242,-87411.53752,331.3467077,1.018537271
16800,-111788.6255,24479.7655,-87308.86001,326.737938,1.018537271
16900,-111909.1183,24851.52662,-87057.59173,331.6999324,1.018537271
17000,-111781.0184,24790.38033,-86990.63807,330.8837966,1.018537271
17100,-112074.3897,24968.24348,-87106.14624,333.2577834,1.018537271
17200,-111767.0893,24635.77844,-87131.31089,328.820284,1.018537271
17300,-112142.3054,24868.61208,-87273.69336,331.9279765,1.018537271
17400,-111740.1519,24478.31067,-87261.8412,326.71852,1.018537271
17500,-111656.0581,24564.26896,-87091.78915,327.8658281,1.018537271
17600,-111914.7619,24998.49137,-86916.27054,333.66151,1.018537271
17700,-111445.0302,24610.63508,-86834.39513,328.484689,1.018537271
17800,-111217.3399,24529.50352,-86687.83634,327.4018045,1.018537271
17900,-111093.8213,24369.22301,-86724.59833,325.262498,1.018537271
18000,-111621.4587,24824.89889,-86796.55984,331.3445251,1.018537271
18100,-111744.8118,24689.27504,-87055.53677,329.5343175,1.018537271
18200,-111773.5513,24839.70703,-86933.8443,331.5421732,1.018537271
18300,-111752.9693,24633.61916,-87119.35018,328.7914636,1.018537271
18400,-111636.277,24644.61681,-86991.66021,328.9382521,1.018537271
18500,-111894.0451,25095.18614,-86798.85896,334.9521209,1.018537271
18600,-111638.6033,24863.0768,-86775.52652,331.8540957,1.018537271
18700,-111909.1607,25074.76517,-86834.39552,334.6795567,1.018537271
18800,-111527.4155,24801.3921,-86726.02343,331.0307737,1.018537271
18900,-111353.8632,24413.18273,-86940.68047,325.84924,1.018537271
19000,-111207.538,24674.42505,-86533.113,329.3361106,1.018537271
19100,-111415.0778,24772.22892,-86642.84891,330.641525,1.018537271
19200,-111285.1427,24840.38011,-86444.76261,331.551157,1.018537271
19300,-111099.404,24735.33904,-86364.06496,330.1491459,1.018537271
19400,-111402.7049,25239.33597,-86163.36894,336.8761269,1.018537271
19500,-111583.6357,25128.30381,-86455.33188,335.3941511,1.018537271
19600,-111602.8169,25233.99625,-86368.82063,336.8048563,1.018537271
19700,-111909.2079,25556.7473,-86352.46061,341.1127003,1.018537271
19800,-111545.9211,24931.63784,-86614.28322,332.7691981,1.018537271
19900,-111477.0281,24930.05525,-86546.97289,332.7480749,1.018537271
20000,-111577.8714,25026.12347,-86551.74791,334.0303229,1.018537271
20100,-111484.7866,24998.31614,-86486.4705,333.6591712,1.018537271
20200,-111276.0075,24681.61818,-86594.38935,329.4321193,1.018537271
20300,-111704.6192,25145.22163,-86559.3976,335.6199577,1.018537271
20400,-111706.8741,24843.86186,-86863.01225,331.5976288,1.018537271
20500,-111682.4769,24645.05444,-87037.42245,328.9440933,1.018537271
20600,-111880.0511,25039.75648,-86840.29464,334.2122864,1.018537271
20700,-111737.3433,24508.93449,-87228.40879,327.1272642,1.018537271
20800,-111958.176,24857.45797,-87100.71799,331.7790997,1.018537271
20900,-111709.9416,24896.63116,-86813.31044,332.3019547,1.018537271
21000,-111657.5775,24574.69933,-87082.8782,328.005045,1.018537271
21100,-111809.6942,24527.96637,-87281.72787,327.3812878,1.018537271
21200,-111746.0548,24643.5418,-87102.51299,328.9239037,1.018537271
21300,-112058.9216,24962.07834,-87096.84328,333.1754955,1.018537271
21400,-111677.4866,24308.87432,-87368.6123,324.4570079,1.018537271
21500,-112043.3843,24895.37753,-87148.00679,332.2852222,1.018537271
21600,-112001.7411,24528.90121,-87472.83994,327.3937653,1.018537271
21700,-112018.1157,24620.0262,-87398.08952,328.6100348,1.018537271
21800,-112023.5326,24525.14531,-87498.38728,327.3436342,1.018537271
21900,-112159.0994,24557.78183,-87601.31759,327.7792425,1.018537271
22000,-111987.2126,24357.55334,-87629.65928,325.1067397,1.018537271
22100,-111634.3839,24080.92941,-87553.45444,321.4145666,1.018537271
22200,-111806.9292,24521.44627,-87285.48292,327.2942622,1.018537271
22300,-111714.7157,24325.47043,-87389.24523,324.6785205,1.018537271
22400,-111984.654,24602.92744,-87381.72656,328.3818131,1.018537271
22500,-111521.5601,24233.39636,-87288.16371,323.4495835,1.018537271
22600,-112147.9371,24822.80422,-87325.13289,331.3165669,1.018537271
22700,-112013.7738,24677.53766,-87336.23613,329.3776555,1.018537271
22800,-111800.6221,24681.67587,-87118.94622,329.4328893,1.018537271
22900,-111418.4418,24253.51129,-87164.93047,323.7180628,1.018537271
23000,-111638.5597,24687.76288,-86950.79685,329.5141343,1.018537271
23100,-111812.759,24869.23207,-86943.52694,331.9362517,1.018537271
23200,-111736.4588,24798.34373,-86938.11503,330.9900863,1.018537271
23300,-111310.6286,24683.58849,-86627.04016,329.4584175,1.018537271
23400,-111503.0271,24748.64605,-86754.38105,330.326758,1.018537271
23500,-111613.8507,24661.69811,-86952.15261,329.1662408,1.018537271
23600,-111579.0332,24683.03318,-86896.00003,329.4510056,1.018537271
23700,-111530.5316,24531.88597,-86998.64563,327.4336037,1.018537271
23800,-111820.1962,24917.66835,-86902.52784,332.5827437,1.018537271
23900,-111898.2534,24833.82287,-87064.43051,331.4636357,1.018537271
24000,-111506.7519,24448.60124,-87058.15065,326.3219802,1.018537271
24100,-111833.3926,24732.36617,-87101.02639,330.1094662,1.018537271
24200,-111426.7966,24391.92199,-87034.8746,325.5654672,1.018537271
24300,-111892.3508,24823.23543,-87069.11536,331.3223223,1.018537271
24400,-111499.1026,24698.85689,-86800.2457,329.6622089,1.018537271
24500,-111374.0994,24857.51707,-86516.58233,331.7798885,1.018537271
24600,-111647.8048,25045.25093,-86602.55388,334.2856222,1.018537271
24700,-111532.2803,24881.10086,-86651.17944,332.0946676,1.018537271
24800,-111423.2181,24677.49277,-86745.72533,329.3770563,1.018537271
24900,-111586.286,24712.65638,-86873.62958,329.8463945,1.018537271
25000,-111390.4122,24688.13869,-86702.27352,329.5191503,1.018537271
25100,-111207.6407,24505.94584,-86701.69485,327.0873739,1.018537271
25200,-111950.9031,25095.8922,-86855.01086,334.9615448,1.018537271
25300,-111439.8065,24764.89042,-86674.9161,330.5435761,1.018537271
25400,-111443.5636,24796.25426,-86647.30931,330.9621975,1.018537271
25500,-111685.3871,25106.09251,-86579.29462,335.097691,1.018537271
25600,-111720.2925,24983.11709,-86737.17545,333.4563054,1.018537271
25700,-111918.9264,25099.2829,-86819.64347,335.0068014,1.018537271
25800,-111684.9619,24968.97623,-86715.98569,333.2675636,1.018537271
25900,-111923.2046,25296.48871,-86626.71585,337.6389597,1.018537271
26000,-111630.4119,24907.42136,-86722.99054,332.4459743,1.018537271
26100,-111666.9126,24895.14841,-86771.76422,332.2821641,1.018537271
26200,-110990.8797,24461.21257,-86529.66717,326.490307,1.018537271
26300,-111207.8179,24548.50779,-86659.31016,327.6554595,1.018537271
26400,-111525.4847,24895.77427,-86629.71045,332.2905175,1.018537271
26500,-111574.2349,24888.64562,-86685.58929,332.1953696,1.018537271
26600,-111372.3573,24554.12513,-86818.23219,327.7304357,1.018537271
26700,-111643.2639,24789.13538,-86854.12856,330.8671799,1.018537271
26800,-111805.5768,24902.58435,-86902.99249,332.3814135,1.018537271
26900,-111797.6245,24834.18022,-86963.44427,331.4684053,1.018537271
27000,-111932.3871,25137.98507,-86794.40199,335.5233696,1.018537271
27100,-111762.3919,25117.63238,-86644.75949,335.2517167,1.018537271
27200,-111771.3582,25200.19572,-86571.16252,336.3537116,1.018537271
27300,-111465.4781,25005.89753,-86459.58057,333.760362,1.018537271
27400,-111499.6621,24903.36846,-86596.29368,332.3918792,1.018537271
27500,-111286.0909,24710.9762,-86575.11474,329.8239685,1.018537271
27600,-111491.7357,24800.66333,-86691.07242,331.0210465,1.018537271
27700,-111543.0035,24716.29558,-86826.70788,329.8949678,1.018537271
27800,-111693.0006,24862.45592,-86830.5447,331.8458087,1.018537271
27900,-111838.8562,24948.49193,-86890.36431,332.9941542,1.018537271
28000,-112061.1822,25077.25392,-86983.92823,334.7127746,1.018537271
28100,-111855.398,24783.90754,-87071.49042,330.7974026,1.018537271
28200,-111816.6489,24757.58143,-87059.06751,330.446021,1.018537271
28300,-111964.4943,24879.07773,-87085.41656,332.0676644,1.018537271
28400,-112093.7503,25204.22588,-86889.52445,336.4075032,1.018537271
28500,-112132.2701,25064.25683,-87068.01332,334.539299,1.018537271
28600,-111903.2147,24932.64975,-86970.56492,332.7827045,1.018537271
28700,-111943.1409,24713.11987,-87230.02105,329.8525807,1.018537271
28800,-111745.7155,24619.37623,-87126.33931,328.6013595,1.018537271
28900,-111799.6519,24930.62697,-86869.02489,332.7557058,1.018537271
29000,-111772.1742,25111.29279,-86660.88142,335.1671006,1.018537271
29100,-111685.4541,24900.87103,-86784.58304,332.3585453,1.018537271
29200,-111541.4158,24715.83438,-86825.58145,329.888812,1.018537271
29300,-111583.5659,24891.08764,-86692.47828,332.2279639,1.018537271
29400,-111207.323,24331.08863,-86876.2344,324.7535082,1.018537271
29500,-111207.354,24473.36811,-86733.98588,326.6525502,1.018537271
29600,-111279.8917,24429.65161,-86850.24006,326.0690545,1.018537271
29700,-111547.9808,24942.77397,-86605.20678,332.917835,1.018537271
29800,-111732.5575,25023.58303,-86708.97451,333.996415,1.018537271
29900,-111890.2482,25232.36916,-86657.87903,336.783139,1.018537271
30000,-111689.6428,25219.56288,-86470.07988,336.6122102,1.018537271
30100,-111375.456,25116.1433,-86259.31275,335.2318416,1.018537271
30200,-111348.8591,24789.15184,-86559.70726,330.8673996,1.018537271
30300,-111367.3247,24575.05033,-86792.27441,328.0097299,1.018537271
30400,-111498.3269,24805.16144,-86693.16542,331.081084,1.018537271
30500,-111547.7388,24891.89505,-86655.8437,332.2387406,1.018537271
30600,-111592.0134,24819.23212,-86772.78132,331.2688892,1.018537271
30700,-111205.2194,24544.06563,-86661.15377,327.5961688,1.018537271
30800,-111318.0022,24625.14383,-86692.85836,328.6783412,1.018537271
30900,-110994.606,24295.19682,-86699.40918,324.2744507,1.018537271
31000,-111238.4411,24314.45403,-86923.9871,324.5314818,1.018537271
31100,-112273.1631,25057.353,-87215.8101,334.4471518,1.018537271
31200,-111997.5153,24895.08651,-87102.42876,332.2813379,1.018537271
31300,-111679.2247,24608.88163,-87070.34302,328.4612853,1.018537271
31400,-112075.1828,25073.30845,-87001.87438,334.6601134,1.018537271
31500,-111709.9833,24634.70171,-87075.28158,328.8059127,1.018537271
31600,-111852.3625,24823.47716,-87028.88539,331.3255488,1.018537271
31700,-111557.3987,24208.51789,-87348.88085,323.117524,1.018537271
31800,-111658.4769,24208.77744,-87449.69946,323.1209883,1.018537271
31900,-112056.1364,24499.28224,-87556.85413,326.9984331,1.018537271
32000,-111995.9215,24366.3474,-87629.57411,325.2241164,1.018537271
32100,-111888.0084,24375.9022,-87512.10615,325.3516469,1.018537271
32200,-111530.5345,23995.97492,-87534.5596,320.2806564,1.018537271
32300,-111770.3387,24082.19516,-87688.14359,321.4314609,1.018537271
32400,-112180.435,24463.3213,-87717.1137,326.5184528,1.018537271
32500,-112033.4324,24414.69438,-87618.73802,325.8694163,1.018537271
32600,-112142.9193,24517.49048,-87625.42885,327.2414633,1.018537271
32700,-112133.1891,24599.37528,-87533.81379,328.3344014,1.018537271
32800,-112077.1125,24372.78873,-87704.32374,325.3100906,1.018537271
32900,-112062.1133,24250.43135,-87811.68197,323.676954,1.018537271
33000,-112304.6757,24694.21913,-87610.45657,329.6003075,1.018537271
33100,-112056.8849,24445.10885,-87611.77606,326.2753664,1.018537271
33200,-112140.0386,24678.89381,-87461.14477,329.3957564,1.018537271
33300,-112007.2795,24556.03477,-87451.24474,327.7559242,1.018537271
33400,-111609.5404,24247.60536,-87361.93502,323.6392348,1.018537271
33500,-111834.6401,24392.30112,-87442.33896,325.5705276,1.018537271
33600,-111801.5381,24231.00543,-87570.53262,323.4176711,1.018537271
33700,-112111.6922,24738.33415,-87373.35805,330.1891224,1.018537271
33800,-112066.709,24672.72345,-87393.98557,329.313399,1.018537271
33900,-111892.5997,24464.48436,-87428.11537,326.5339764,1.018537271
34000,-112223.5116,24671.71985,-87551.79174,329.3000037,1.018537271
34100,-112035.1684,24488.76017,-87546.40823,326.8579922,1.018537271
34200,-112112.5702,24509.27847,-87603.29172,327.1318553,1.018537271
34300,-111981.5499,24478.38189,-87503.16803,326.7194705,1.018537271
34400,-111853.7095,24449.73732,-87403.97223,326.3371438,1.018537271
34500,-111761.7385,24339.73214,-87422.00639,324.8688754,1.018537271
34600,-111668.5514,24229.82114,-87438.73024,323.4018641,1.018537271
34700,-111917.1527,24569.30172,-87347.85097,327.9330016,1.018537271
34800,-112002.6025,24619.45975,-87383.14271,328.6024742,1.018537271
34900,-111737.1528,24371.21105,-87365.94176,325.2890328,1.018537271
35000,-111410.6792,24267.71078,-87142.96842,323.9075871,1.018537271
35100,-111943.0399,24726.16467,-87216.87521,330.0266932,1.018537271
35200,-111502.3443,24490.89221,-87011.45209,326.886449,1.018537271
35300,-111541.475,24689.8159,-86851.65912,329.5415364,1.018537271
35400,-111498.7598,24701.01033,-86797.74946,329.6909514,1.018537271
35500,-111932.3747,24799.49721,-87132.87747,331.0054821,1.018537271
35600,-112079.9709,24596.50308,-87483.46778,328.2960655,1.018537271
35700,-111839.1973,24306.55525,-87532.64209,324.4260546,1.018537271
35800,-111793.6771,24373.50251,-87420.1746,325.3196176,1.018537271
35900,-111769.7149,24411.96041,-87357.75453,325.8329253,1.018537271
36000,-112040.363,24636.64224,-87403.72075,328.8318134,1.018537271
36100,-111686.5412,24028.67995,-87657.8613,320.7171792,1.018537271
36200,-111950.2707,24254.34281,-87695.92792,323.7291614,1.018537271
36300,-111976.1759,24691.39353,-87284.78239,329.5625935,1.018537271
36400,-111601.4962,24538.12921,-87063.36699,327.5169339,1.018537271
36500,-111628.0813,24661.49775,-86966.58355,329.1635666,1.018537271
36600,-111696.0039,24744.18405,-86951.81982,330.2672026,1.018537271
36700,-111803.6568,24735.67998,-87067.97682,330.1536965,1.018537271
36800,-111767.9339,24764.26403,-87003.6699,330.5352155,1.018537271
36900,-111542.5914,24658.88019,-86883.71124,329.1286292,1.018537271
37000,-111612.9472,24993.81214,-86619.13502,333.599055,1.018537271
37100,-111622.8523,24805.66773,-86817.18455,331.0878416,1.018537271
37200,-111492.3177,24645.62654,-86846.6912,328.9517293,1.018537271
37300,-111983.0349,25215.82864,-86767.2063,336.5623683,1.018537271
37400,-111456.7309,24621.49175,-86835.23918,328.6295958,1.018537271
37500,-111944.9199,24940.21586,-87004.70403,332.8836913,1.018537271
37600,-111843.7804,24947.56692,-86896.21347,332.9818078,1.018537271
37700,-111614.0284,24845.02262,-86769.00581,331.6131218,1.018537271
37800,-111533.2957,24738.31465,-86794.98107,330.1888621,1.018537271
37900,-111399.5041,24541.34383,-86858.1603,327.5598402,1.018537271
38000,-111808.4626,24743.10266,-87065.35992,330.252769,1.018537271
38100,-111707.8643,24708.14853,-86999.71581,329.786227,1.018537271
38200,-111369.6878,24587.17253,-86782.51528,328.1715281,1.018537271
38300,-111788.3115,24959.79394,-86828.51758,333.1450051,1.018537271
38400,-111742.0711,24845.20914,-86896.86193,331.6156113,1.018537271
38500,-111876.6156,24723.40505,-87153.21054,329.9898598,1.018537271
38600,-111695.5789,24540.32413,-87155.25478,327.54623,1.018537271
38700,-111982.4432,25143.09039,-86839.35278,335.5915115,1.018537271
38800,-111614.7612,24837.99818,-86776.76302,331.5193648,1.018537271
38900,-111597.9358,24662.65746,-86935.27832,329.1790455,1.018537271
39000,-111562.5177,24798.23078,-86764.28695,330.9885787,1.018537271
39100,-111746.4944,24940.24894,-86806.24544,332.8841328,1.018537271
39200,-111451.3989,24867.72014,-86583.67877,331.9160716,1.018537271
39300,-111407.1227,24732.03776,-86675.08497,330.1050829,1.018537271
39400,-111721.0818,25054.36515,-86666.71664,334.4072722,1.018537271
39500,-111323.6994,24664.41751,-86659.2819,329.2025374,1.018537271
39600,-111612.9853,24996.29843,-86616.68687,333.6322403,1.018537271
39700,-111679.821,25079.00179,-86600.81921,334.736104,1.018537271
39800,-111474.1584,24947.2998,-86526.85863,332.9782426,1.018537271
39900,-111447.1855,24886.31974,-86560.86575,332.1643254,1.018537271
40000,-111524.9329,24728.02132,-86796.91153,330.0514744,1.018537271
40100,-111271.6233,24784.09587,-86487.52744,330.7999162,1.018537271
40200,-111536.5349,25271.03779,-86265.49715,337.2992595,1.018537271
40300,-111419.7287,25151.25137,-86268.47735,335.7004383,1.018537271
40400,-111753.9504,25242.5223,-86511.4281,336.9186556,1.018537271
40500,-111469.3643,24832.07919,-86637.28511,331.4403623,1.018537271
40600,-111438.2876,24831.28525,-86607.00239,331.4297654,1.018537271
40700,-111346.9041,24751.29283,-86595.61124,330.3620854,1.018537271
40800,-111581.3057,24884.99502,-86696.31065,332.146644,1.018537271
40900,-111754.5279,25115.2743,-86639.25365,335.2202428,1.018537271
41000,-111329.8101,24900.87975,-86428.93038,332.3586618,1.018537271
41100,-111234.7246,25046.09505,-86188.6296,334.2968889,1.018537271
41200,-111292.3232,25240.31683,-86052.00637,336.8892187,1.018537271
41300,-111179.1485,25066.47634,-86112.67213,334.5689235,1.018537271
41400,-111269.8692,25178.1018,-86091.76738,336.0588182,1.018537271
41500,-111210.8611,24888.71648,-86322.14464,332.1963153,1.018537271
41600,-111273.0697,24803.49529,-86469.57439,331.0588455,1.018537271
41700,-111301.6977,24889.25337,-86412.44435,332.2034814,1.018537271
41800,-111460.8573,24967.73845,-86493.11885,333.2510426,1.018537271
41900,-111149.827,24509.37326,-86640.4537,327.1331205,1.018537271
42000,-111435.5838,24686.31196,-86749.27184,329.4947684,1.018537271
42100,-111331.5472,24860.74635,-86470.80082,331.8229905,1.018537271
42200,-111539.913,24758.41191,-86781.50105,330.4571056,1.018537271
42300,-111695.0857,24885.62272,-86809.46293,332.1550222,1.018537271
42400,-111723.9766,25025.48032,-86698.49631,334.0217386,1.018537271
42500,-111354.3983,24735.30416,-86619.09414,330.1486804,1.018537271
42600,-111728.7243,24939.98891,-86788.73544,332.8806621,1.018537271
42700,-111723.3804,24711.09559,-87012.28483,329.8255621,1.018537271
42800,-112071.5309,24946.41643,-87125.11452,332.9664519,1.018537271
42900,-111781.3032,24492.89772,-87288.40543,326.9132171,1.018537271
43000,-112131.1784,25082.8537,-87048.32473,334.7875165,1.018537271
43100,-111892.7987,24913.06323,-86979.73548,332.5212779,1.018537271
43200,-111820.0141,24825.14981,-86994.86432,331.3478741,1.018537271
43300,-111862.9444,24876.1452,-86986.79921,332.0285231,1.018537271
43400,-112085.8441,25392.41334,-86693.43079,338.9192912,1.018537271
43500,-111711.609,25109.02758,-86602.58147,335.1368662,1.018537271
43600,-111661.8945,25009.8264,-86652.06809,333.8128016,1.018537271
43700,-111629.9983,25109.4394,-86520.55889,335.1423629,1.018537271
43800,-111758.8581,25250.19736,-86508.66076,337.0210968,1.018537271
43900,-111512.4451,24811.70936,-86700.73571,331.1684809,1.018537271
44000,-111644.9977,24800.80415,-86844.19359,331.0229261,1.018537271
44100,-111697.4331,24724.76344,-86972.66962,330.0079906,1.018537271
44200,-112039.3584,24937.36213,-87101.99627,332.8456018,1.018537271
44300,-112015.2801,24836.78855,-87178.49153,331.5032195,1.018537271
44400,-112167.2408,24880.73778,-87286.503,332.0898216,1.018537271
44500,-111808.1741,24412.89629,-87395.27785,325.8454168,1.018537271
44600,-112264.9168,24889.50844,-87375.40837,332.2068859,1.018537271
44700,-111962.9731,24639.08617,-87323.88693,328.8644332,1.018537271
44800,-111737.4881,24437.71935,-87299.7687,326.1767368,1.018537271
44900,-112263.2509,24946.15335,-87317.09753,332.9629405,1.018537271
45000,-112061.5241,24952.90039,-87108.62376,333.0529951,1.018537271
45100,-112048.2861,24788.96424,-87259.32191,330.8648957,1.018537271
45200,-112167.1378,25055.51793,-87111.61983,334.4226587,1.018537271
45300,-112212.8718,25105.16586,-87107.70597,335.0853228,1.018537271
45400,-111890.3302,24621.08074,-87269.24944,328.6241099,1.018537271
45500,-112052.0816,24701.99912,-87350.08244,329.7041491,1.018537271
45600,-111956.397,24616.93644,-87339.46053,328.5687949,1.018537271
45700,-111727.8088,24173.49587,-87554.31289,322.6500758,1.018537271
45800,-112340.1891,24655.41241,-87684.7767,329.0823439,1.018537271
45900,-112450.4423,24745.48249,-87704.95984,330.2845332,1.018537271
46000,-112128.5821,24541.41794,-87587.1642,327.5608294,1.018537271
46100,-111666.7387,24589.73546,-87077.00319,328.2057362,1.018537271
46200,-111861.7976,24757.89881,-87103.89879,330.4502572,1.018537271
46300,-111943.9379,24894.03982,-87049.89811,332.2673674,1.018537271
46400,-111982.271,24888.06225,-87094.20872,332.1875831,1.018537271
46500,-112443.3816,25172.54922,-87270.83236,335.9847063,1.018537271
46600,-111797.4833,24714.35573,-87083.12756,329.8690761,1.018537271
46700,-111773.8118,24807.57727,-86966.23456,331.1133288,1.018537271
46800,-111699.1159,24679.90521,-87019.21065,329.4092559,1.018537271
46900,-111798.9423,24919.76018,-86879.18212,332.6106639,1.018537271
47000,-111348.5225,24248.47597,-87100.04656,323.6508551,1.018537271
47100,-111559.8642,24336.56666,-87223.29752,324.8266249,1.018537271
47200,-112294.3038,24847.29908,-87447.00475,331.6435063,1.018537271
47300,-112249.6083,24498.62723,-87750.98112,326.9896904,1.018537271
47400,-112474.5271,24544.61179,-87929.91531,327.6034585,1.018537271
47500,-112635.1725,24519.18333,-88115.98921,327.2640582,1.018537271
47600,-112297.2806,24213.4148,-88083.86583,323.1828843,1.018537271
47700,-112513.1271,24389.1766,-88123.95052,325.5288238,1.018537271
47800,-112530.4316,24348.21591,-88182.21565,324.9821105,1.018537271
47900,-112212.9767,24337.55941,-87875.41724,324.8398754,1.018537271
48000,-112217.3906,24200.40043,-88016.99016,323.0091781,1.018537271
48100,-112319.0371,24405.59712,-87913.43994,325.7479928,1.018537271
48200,-111929.1923,24092.43986,-87836.75244,321.5681996,1.018537271
48300,-112192.925,24581.45598,-87611.46904,328.0952277,1.018537271
48400,-112091.1088,24641.68868,-87449.42012,328.8991696,1.018537271
48500,-111762.8793,24624.34937,-87138.52989,328.6677373,1.018537271
48600,-111396.6988,24489.66726,-86907.03158,326.8700994,1.018537271
48700,-111785.5361,25092.33816,-86693.19791,334.9141081,1.018537271
48800,-111691.5669,24914.83895,-86776.72799,332.5449789,1.018537271
48900,-111741.3067,24919.9805,-86821.32621,332.6136046,1.018537271
49000,-111666.8624,24952.19468,-86714.66776,333.0435758,1.018537271
49100,-111661.3457,24723.03175,-86938.31398,329.9848773,1.018537271
49200,-112096.6777,24928.99601,-87167.68165,332.733937,1.018537271
49300,-111683.8635,24591.17513,-87092.68841,328.2249519,1.018537271
49400,-112175.3877,25051.13689,-87124.25083,334.3641837,1.018537271
49500,-111933.6629,24496.72543,-87436.93748,326.9643066,1.018537271
49600,-112534.3781,24994.63491,-87539.74324,333.6100368,1.018537271
49700,-112084.2158,24634.28796,-87449.9278,328.8003902,1.018537271
49800,-112215.8187,24748.87681,-87466.94189,330.3298381,1.018537271
49900,-112361.5996,24899.17466,-87462.42491,332.3359035,1.018537271
50000,-111942.3082,24805.73922,-87136.56901,331.0887958,1.018537271
50100,-111952.7532,24799.8471,-87152.90608,331.0101522,1.018537271
50200,-111977.1565,24651.65481,-87325.50165,329.0321902,1.018537271
50300,-112213.5067,24781.94231,-87431.56438,330.7711722,1.018537271
50400,-111518.6049,24386.73289,-87131.87198,325.4962069,1.018537271
50500,-111843.6144,24641.15219,-87202.46222,328.892009,1.018537271
50600,-111676.4851,24693.28106,-86983.20402,329.5877869,1.018537271
50700,-111589.9832,24741.76193,-86848.22123,330.234874,1.018537271
50800,-111353.6257,24530.30611,-86823.31964,327.4125168,1.018537271
50900,-111698.9805,24925.35161,-86773.62888,332.6852942,1.018537271
51000,-111561.2505,24935.51673,-86625.73373,332.8209708,1.018537271
51100,-111218.7918,24671.76764,-86547.02414,329.3006415,1.018537271
51200,-111311.2739,24531.75725,-86779.51664,327.4318856,1.018537271
51300,-111587.9948,24792.3481,-86795.6467,330.9100609,1.018537271
51400,-111346.5659,24840.95228,-86505.61359,331.5587939,1.018537271
51500,-111375.5067,24988.88494,-86386.62176,333.5332904,1.018537271
51600,-111773.0888,25079.06012,-86694.02871,334.7368825,1.018537271
51700,-111095.0405,24338.75333,-86756.28718,324.8558109,1.018537271
51800,-111423.5366,24666.09624,-86757.44039,329.2249439,1.018537271
51900,-111414.4832,24820.13245,-86594.35077,331.2809061,1.018537271
52000,-111408.9235,24787.32368,-86621.59983,330.8429987,1.018537271
52100,-111433.2223,25042.5398,-86390.68245,334.2494361,1.018537271
52200,-111507.1037,25120.39244,-86386.71125,335.288556,1.018537271
52300,-111494.262,25173.45916,-86320.80288,335.9968516,1.018537271
52400,-111464.756,25124.09166,-86340.66433,335.3379304,1.018537271
52500,-111462.1014,24923.05594,-86539.04545,332.6546533,1.018537271
52600,-111502.7548,25293.14373,-86209.61108,337.5943134,1.018537271
52700,-111554.9885,25280.3464,-86274.64208,337.423504,1.018537271
52800,-111553.5795,25200.65395,-86352.92554,336.3598277,1.018537271
52900,-111075.107,24884.73791,-86190.36911,332.1432124,1.018537271
53000,-111110.8386,24769.75468,-86341.08394,330.6085006,1.018537271
53100,-111054.3805,24577.99315,-86476.38731,328.0490085,1.018537271
53200,-111036.8818,24678.17151,-86358.71029,329.3861157,1.018537271
53300,-111462.4259,24951.39074,-86511.03518,333.0328453,1.018537271
53400,-111028.5699,24658.51924,-86370.05061,329.1238116,1.018537271
53500,-111226.8086,24718.2776,-86508.53095,329.9214224,1.018537271
53600,-111433.3542,24719.26016,-86714.09407,329.9345368,1.018537271
53700,-111516.2482,24816.23869,-86700.00952,331.228935,1.018537271
53800,-111800.8982,25034.86035,-86766.03782,334.1469364,1.018537271
53900,-111800.0891,24880.59296,-86919.49609,332.0878886,1.018537271
54000,-112026.4595,24904.67947,-87121.78006,332.4093776,1.018537271
54100,-111664.7141,24608.92037,-87055.79377,328.4618023,1.018537271
54200,-111553.4066,24665.76907,-86887.63753,329.220577,1.018537271
54300,-112017.5963,25032.36309,-86985.23324,334.1136049,1.018537271
54400,-112339.5937,25184.6212,-87154.97254,336.1458343,1.018537271
54500,-111808.059,24403.24882,-87404.81017,325.7166494,1.018537271
54600,-112110.4575,24629.9191,-87480.53841,328.7420779,1.018537271
54700,-112017.109,24702.52582,-87314.58316,329.7111791,1.018537271
54800,-112070.6998,24853.30197,-87217.39783,331.7236285,1.018537271
54900,-112107.5034,24961.30781,-87146.19564,333.1652111,1.018537271
55000,-111972.9977,25184.41811,-86788.57955,336.1431237,1.018537271
55100,-111336.5702,24535.36796,-86801.20221,327.4800787,1.018537271
55200,-111699.7156,24643.34096,-87056.37463,328.9212231,1.018537271
55300,-111769.6406,24600.19093,-87169.44963,328.3452882,1.018537271
55400,-111936.3438,24493.80017,-87442.54364,326.9252623,1.018537271
55500,-111792.406,24139.62136,-87652.78466,322.1979437,1.018537271
55600,-111845.5126,24209.86737,-87635.64526,323.1355358,1.018537271
55700,-111795.0122,24422.77064,-87372.24159,325.9772124,1.018537271
55800,-111872.4076,24677.1671,-87195.24047,329.3727096,1.018537271
55900,-111630.6853,24449.99367,-87180.69161,326.3405654,1.018537271
56000,-111750.9496,24425.27526,-87325.67434,326.0106421,1.018537271
56100,-112082.0445,24677.76928,-87404.27522,329.3807471,1.018537271
56200,-111921.4306,24349.40089,-87572.02973,324.9979267,1.018537271
56300,-111837.9263,24477.9458,-87359.98052,326.7136499,1.018537271
56400,-112313.2155,24884.50059,-87428.71495,332.1400447,1.018537271
56500,-112310.949,24609.28073,-87701.66823,328.4666121,1.018537271
56600,-112028.1625,24475.29408,-87552.86846,326.6782567,1.018537271
56700,-112174.4275,24520.65623,-87653.77128,327.2837173,1.018537271
56800,-112278.8981,24798.1216,-87480.77654,330.9871214,1.018537271
56900,-111916.311,24582.93398,-87333.37702,328.114955,1.018537271
57000,-111948.3153,24955.29185,-86993.02348,333.0849145,1.018537271
57100,-111623.0062,24607.14471,-87015.86146,328.438102,1.018537271
57200,-112093.1544,24829.4821,-87263.67229,331.4056983,1.018537271
57300,-111875.2666,24596.64561,-87278.62099,328.2979678,1.018537271
57400,-112095.9268,24799.6096,-87296.31716,331.0069821,1.018537271
57500,-111888.7596,24738.68947,-87150.07017,330.193865,1.018537271
57600,-111717.0113,24719.8803,-86997.13104,329.942814,1.018537271
57700,-111603.5622,24605.61098,-86997.95124,328.417631,1.018537271
57800,-111640.1402,24663.80504,-86976.3352,329.1943625,1.018537271
57900,-111796.7723,24794.55735,-87002.21493,330.9395485,1.018537271
58000,-111529.1564,24550.76678,-86978.3896,327.6856109,1.018537271
58100,-111653.8503,24915.55054,-86738.29976,332.5544767,1.018537271
58200,-111837.1585,25128.77106,-86708.38744,335.4003876,1.018537271
58300,-111937.8494,25012.26418,-86925.58525,333.8453393,1.018537271
58400,-111868.5022,24476.3174,-87392.18482,326.6919152,1.018537271
58500,-111850.2563,24743.92428,-87106.33198,330.2637353,1.018537271
58600,-112035.7629,24742.77272,-87292.99018,330.2483653,1.018537271
58700,-111508.9526,23960.83686,-87548.11575,319.8116594,1.018537271
58800,-111985.5796,24666.06872,-87319.51091,329.2245765,1.018537271
58900,-111715.9136,24563.04288,-87152.87072,327.8494632,1.018537271
59000,-111741.6921,24470.2283,-87271.46381,326.6106424,1.018537271
59100,-112294.4351,25121.24949,-87173.18558,335.2999953,1.018537271
59200,-111990.0201,25015.35231,-86974.66783,333.8865575,1.018537271
59300,-111989.0985,24971.33201,-87017.76652,333.2990067,1.018537271
59400,-111763.9465,24810.08059,-86953.86594,331.1467412,1.018537271
59500,-111510.8228,24781.81276,-86729.01005,330.769443,1.018537271
59600,-111838.6378,25130.99345,-86707.64438,335.4300505,1.018537271
59700,-111858.9296,25133.0435,-86725.88611,335.4574131,1.018537271
59800,-111970.0167,25216.49765,-86753.51903,336.5712978,1.018537271
59900,-111474.9162,24753.71036,-86721.20585,330.3943528,1.018537271
60000,-111711.4075,24851.49603,-86859.91147,331.699524,1.018537271
60100,-111868.3298,24939.59925,-86928.73055,332.8754612,1.018537271
60200,-111328.6152,24190.68819,-87137.92705,322.8795462,1.018537271
60300,-111867.2663,24707.76613,-87159.50014,329.7811229,1.018537271
60400,-111990.9808,24875.85896,-87115.12181,332.0247026,1.018537271
60500,-112133.5099,24483.22843,-87650.28148,326.7841586,1.018537271
60600,-112156.2245,24463.47073,-87692.75374,326.5204473,1.018537271
60700,-112326.6519,24600.6053,-87726.04662,328.3508188,1.018537271
60800,-111774.3385,24276.95209,-87497.3864,324.0309334,1.018537271
60900,-112112.6205,24846.99019,-87265.63033,331.6393835,1.018537271
61000,-111788.7228,24574.5173,-87214.20546,328.0026153,1.018537271
61100,-111937.4917,24489.68125,-87447.81041,326.870286,1.018537271
61200,-112530.8662,24981.71714,-87549.1491,333.4376199,1.018537271
61300,-112218.457,24519.59996,-87698.85701,327.2696191,1.018537271
61400,-112521.916,24841.90666,-87680.00936,331.5715322,1.018537271
61500,-112338.0628,24550.0644,-87787.99844,327.6762361,1.018537271
61600,-112395.1672,24656.25015,-87738.91706,329.0935254,1.018537271
61700,-112014.7982,24237.95267,-87776.84551,323.5103978,1.018537271
61800,-112272.0941,24467.46708,-87804.62706,326.5737876,1.018537271
61900,-112083.749,24487.82772,-87595.92133,326.8455465,1.018537271
62000,-112249.6589,24410.24784,-87839.41101,325.8100673,1.018537271
62100,-112242.381,24432.37955,-87810.00146,326.1054651,1.018537271
62200,-112398.1401,24812.84305,-87585.29707,331.1836125,1.018537271
62300,-111939.4333,24601.8036,-87337.62966,328.3668128,1.018537271
62400,-111484.2419,24136.13456,-87348.10735,322.1514044,1.018537271
62500,-112062.3796,25007.80863,-87054.571,333.78587,1.018537271
62600,-111878.0603,24975.76778,-86902.29254,333.3582122,1.018537271
62700,-111412.7505,24514.0714,-86898.6791,327.1958279,1.018537271
62800,-111822.0045,24851.29718,-86970.70727,331.6968701,1.018537271
62900,-111713.0877,24622.48039,-87090.60729,328.6427915,1.018537271
63000,-111612.9943,24419.00632,-87193.988,325.9269689,1.018537271
63100,-111902.2817,24891.43404,-87010.84766,332.2325873,1.018537271
63200,-111922.8815,24836.35015,-87086.53133,331.4973681,1.018537271
63300,-112236.8086,25070.32806,-87166.48058,334.6203334,1.018537271
63400,-111408.2116,24207.72832,-87200.48323,323.1069853,1.018537271
63500,-111704.2508,24729.61429,-86974.63647,330.0727362,1.018537271
63600,-111851.0818,25079.09609,-86771.98569,334.7373626,1.018537271
63700,-111585.0416,24951.77643,-86633.2652,333.0379933,1.018537271
63800,-111125.1293,24539.34187,-86585.78748,327.5331195,1.018537271
63900,-111160.5045,24573.89742,-86586.60703,327.9943417,1.018537271
64000,-111402.0634,24846.77743,-86555.28595,331.6365437,1.018537271
64100,-111717.0895,25270.65715,-86446.43237,337.2941791,1.018537271
64200,-111652.757,24899.95,-86752.80703,332.3462521,1.018537271
64300,-111706.7209,25298.44668,-86408.27425,337.6650933,1.018537271
64400,-111139.8013,24666.85268,-86472.94864,329.2350402,1.018537271
64500,-111142.9853,24866.56583,-86276.41946,331.9006647,1.018537271
64600,-111408.746,25154.12127,-86254.62475,335.7387437,1.018537271
64700,-111507.2413,24864.51904,-86642.72223,331.8733457,1.018537271
64800,-112016.2874,25260.98,-86755.30737,337.1650155,1.018537271
64900,-111790.858,25029.44162,-86761.41636,334.0746112,1.018537271
65000,-111907.304,25202.43612,-86704.86788,336.3836147,1.018537271
65100,-111675.6934,24873.14363,-86802.54975,331.9884603,1.018537271
65200,-111819.6593,25013.09187,-86806.56738,333.8563868,1.018537271
65300,-111539.7632,24761.26541,-86778.49782,330.4951921,1.018537271
65400,-111455.4021,24513.83934,-86941.56273,327.1927305,1.018537271
65500,-111499.646,24551.52242,-86948.12357,327.6956966,1.018537271
65600,-111739.9432,24890.4982,-86849.44501,332.2200965,1.018537271
65700,-111595.2908,24600.71568,-86994.57516,328.3522922,1.018537271
65800,-111561.5254,24695.39825,-86866.12715,329.6160455,1.018537271
65900,-111930.4572,25040.95588,-86889.50135,334.228295,1.018537271
66000,-111986.5281,25039.56967,-86946.9584,334.209793,1.018537271
66100,-111758.9379,24671.13868,-87087.79926,329.2922466,1.018537271
66200,-111979.4003,24978.1851,-87001.21524,333.3904768,1.018537271
66300,-111690.7597,24704.48367,-86986.27599,329.737311,1.018537271
66400,-111648.6205,24422.10541,-87226.51505,325.9683333,1.018537271
66500,-111961.6689,24722.38888,-87239.27998,329.9762967,1.018537271
66600,-112068.9925,24781.76018,-87287.23231,330.7687412,1.018537271
66700,-111970.532,24501.54733,-87468.98466,327.0286658,1.018537271
66800,-111861.424,24614.64971,-87246.77433,328.5382734,1.018537271
66900,-111988.546,24818.01944,-87170.52657,331.2527031,1.018537271
67000,-111909.1356,24728.48891,-87180.64671,330.0577154,1.018537271
67100,-111778.7046,24549.40968,-87229.29495,327.6674972,1.018537271
67200,-112022.4705,24809.59098,-87212.87947,331.1402062,1.018537271
67300,-112121.1,24875.23947,-87245.86055,332.0164342,1.018537271
67400,-111869.4532,24604.96366,-87264.48951,328.408991,1.018537271
67500,-111827.6436,24633.50391,-87194.13964,328.7899253,1.018537271
67600,-111487.4003,24337.66004,-87149.74025,324.8412186,1.018537271
67700,-111643.659,24708.68988,-86934.96908,329.7934524,1.018537271
67800,-111910.6246,24883.31927,-87027.30531,332.1242773,1.018537271
67900,-111835.8714,24728.58907,-87107.28229,330.0590523,1.018537271
68000,-111682.8545,24599.5147,-87083.3398,328.3362623,1.018537271
68100,-111797.0901,24678.32908,-87118.76098,329.3882187,1.018537271
68200,-111695.1055,24692.13908,-87002.96642,329.5725445,1.018537271
68300,-112142.1098,25107.05054,-87035.05925,335.1104781,1.018537271
68400,-111539.2862,24755.79085,-86783.49538,330.4221216,1.018537271
68500,-112085.4343,24987.57317,-87097.8611,333.5157819,1.018537271
68600,-112253.3266,24952.08509,-87301.24148,333.042113,1.018537271
68700,-112157.124,24734.56687,-87422.55712,330.1388395,1.018537271
68800,-111701.9556,24351.03285,-87350.92272,325.0197089,1.018537271
68900,-111928.8407,24659.27295,-87269.56771,329.1338716,1.018537271
69000,-111517.1215,24247.24385,-87269.87762,323.6344096,1.018537271
69100,-111384.9155,24222.39593,-87162.51956,323.3027578,1.018537271
69200,-112055.3646,25001.74096,-87053.62363,333.7048831,1.018537271
69300,-111777.1982,24774.40055,-87002.79768,330.6705102,1.018537271
69400,-111728.5246,24656.13093,-87072.39371,329.0919342,1.018537271
69500,-111993.8023,25110.1157,-86883.68664,335.1513896,1.018537271
69600,-111991.0195,25035.9357,-86955.08376,334.1612894,1.018537271
69700,-111651.4272,24688.26595,-86963.16125,329.5208488,1.018537271
69800,-111606.1339,24646.1401,-86959.99384,328.9585839,1.018537271
69900,-111719.5405,24719.66182,-86999.8787,329.9398978,1.018537271
70000,-111992.1943,25054.60972,-86937.58457,334.4105365,1.018537271
70100,-111871.7965,24796.24183,-87075.55466,330.9620316,1.018537271
70200,-111589.2665,24331.13121,-87258.13533,324.7540765,1.018537271
70300,-112201.6969,24682.14976,-87519.54712,329.4392145,1.018537271
70400,-112029.5529,24789.67386,-87239.87904,330.8743672,1.018537271
70500,-112015.3409,24910.81874,-87104.52218,332.4913201,1.018537271
70600,-112173.7775,24947.88975,-87225.88777,332.9861167,1.018537271
70700,-112022.5997,24956.27239,-87066.32729,333.098002,1.018537271
70800,-112101.8146,25065.03302,-87036.7816,334.549659,1.018537271
70900,-111500.1224,24697.4094,-86802.71301,329.6428888,1.018537271
71000,-111374.4308,24479.5534,-86894.87737,326.735107,1.018537271
71100,-111615.7932,24730.49321,-86885.29999,330.0844673,1.018537271
71200,-111435.2742,24605.77042,-86829.50377,328.4197591,1.018537271
71300,-111550.9624,24803.61055,-86747.35186,331.0603838,1.018537271
71400,-111447.0212,24593.93548,-86853.08576,328.2617951,1.018537271
71500,-110992.8736,24314.16146,-86678.71213,324.5275768,1.018537271
71600,-111553.973,24856.01472,-86697.95823,331.7598363,1.018537271
71700,-111577.1576,24768.32585,-86808.83176,330.5894296,1.018537271
71800,-111596.8758,24680.64269,-86916.23314,329.4190991,1.018537271
71900,-111522.6751,24735.3729,-86787.30219,330.1495978,1.018537271
72000,-111607.4971,24493.54237,-87113.95473,326.9218214,1.018537271
72100,-111742.8076,24632.04301,-87110.76461,328.7704263,1.018537271
72200,-111942.3824,24766.17015,-87176.21229,330.5606569,1.018537271
72300,-112067.2508,24989.87372,-87077.37704,333.5464879,1.018537271
72400,-112408.6297,25066.14691,-87342.48283,334.5645264,1.018537271
72500,-111772.321,24611.90222,-87160.41879,328.5016018,1.018537271
72600,-111975.4376,24943.51638,-87031.92124,332.9277442,1.018537271
72700,-111761.239,24852.82683,-86908.41221,331.7172866,1.018537271
72800,-111785.7366,24923.24075,-86862.49589,332.6571199,1.018537271
72900,-111323.941,24555.15186,-86768.78917,327.7441398,1.018537271
73000,-111265.1611,24741.66053,-86523.50052,330.2335205,1.018537271
73100,-111646.3484,25037.44287,-86608.90549,334.181406,1.018537271
73200,-111330.9099,24684.25594,-86646.65393,329.4673262,1.018537271
73300,-111534.4377,24740.33325,-86794.10449,330.215805,1.018537271
73400,-111815.5257,25033.86766,-86781.65802,334.1336867,1.018537271
73500,-111755.5342,24979.3246,-86776.20965,333.4056861,1.018537271
73600,-111289.8495,24496.45548,-86793.394,326.9607036,1.018537271
73700,-111668.9351,24750.25352,-86918.68154,330.3482134,1.018537271
73800,-111772.5484,24490.13264,-87282.4158,326.8763108,1.018537271
73900,-111523.8616,24246.83678,-87277.02484,323.6289764,1.018537271
74000,-112041.0451,24631.20549,-87409.83962,328.7592477,1.018537271
74100,-112267.7012,24812.76212,-87454.93911,331.1825323,1.018537271
74200,-112094.505,24529.91602,-87564.58899,327.4073102,1.018537271
74300,-112445.471,24977.39634,-87468.07465,333.3799491,1.018537271
74400,-111912.303,24397.46719,-87514.8358,325.6394805,1.018537271
74500,-112271.7369,24597.96978,-87673.76712,328.3156419,1.018537271
74600,-112190.31,24629.80628,-87560.50375,328.7405721,1.018537271
74700,-111552.1832,23988.02024,-87564.16296,320.1744832,1.018537271
74800,-111860.1215,24223.04225,-87637.07922,323.3113844,1.018537271
74900,-112052.8808,24437.28404,-87615.59676,326.1709266,1.018537271
75000,-112183.7019,24324.84023,-87858.86166,324.6701092,1.018537271
75100,-111633.6146,24162.45937,-87471.15519,322.5027687,1.018537271
75200,-112106.2813,24477.0199,-87629.26137,326.7012917,1.018537271
75300,-112325.6502,24765.00226,-87560.64792,330.5450688,1.018537271
75400,-112145.5468,24477.99985,-87667.54691,326.7143714,1.018537271
75500,-112406.1089,24705.67348,-87700.43547,329.7531917,1.018537271
75600,-112171.1307,24660.31093,-87510.81982,329.1477257,1.018537271
75700,-111953.7929,24533.73311,-87420.05979,327.458258,1.018537271
75800,-111804.3205,24590.26783,-87214.05266,328.2128418,1.018537271
75900,-111750.4584,24462.38436,-87288.07403,326.5059473,1.018537271
76000,-112087.934,24455.39041,-87632.54361,326.4125971,1.018537271
76100,-112201.7589,24826.62615,-87375.13275,331.3675792,1.018537271
76200,-112090.0587,24710.34154,-87379.71713,329.8154976,1.018537271
76300,-112067.9673,24701.7856,-87366.18167,329.7012992,1.018537271
76400,-111980.9358,24681.61741,-87299.3184,329.432109,1.018537271
76500,-111858.8189,24658.70972,-87200.10913,329.126354,1.018537271
76600,-111970.9308,24843.2327,-87127.69814,331.5892313,1.018537271
76700,-112108.7723,24742.58544,-87366.18687,330.2458656,1.018537271
76800,-112101.7035,24496.15206,-87605.55148,326.9566536,1.018537271
76900,-112075.8286,24447.6651,-87628.16352,326.3094853,1.018537271
77000,-111916.1855,24403.15971,-87513.02583,325.7154601,1.018537271
77100,-111885.1911,24424.6042,-87460.58686,326.0016853,1.018537271
77200,-111623.9625,24297.46384,-87326.49866,324.3047092,1.018537271
77300,-111599.7975,24360.31237,-87239.48508,325.1435652,1.018537271
77400,-111862.6167,25005.73587,-86856.88083,333.7582042,1.018537271
77500,-111712.8065,24780.46818,-86932.33827,330.7514965,1.018537271
77600,-111631.5578,24756.31726,-86875.24052,330.4291478,1.018537271
77700,-111835.5841,25011.21236,-86824.37169,333.8313004,1.018537271
77800,-111898.7339,24929.9264,-86968.80746,332.7463551,1.018537271
77900,-112125.8245,25075.23218,-87050.59232,334.68579,1.018537271
78000,-111916.0427,24739.31075,-87176.73192,330.2021574,1.018537271
78100,-112026.8261,24565.53271,-87461.29341,327.8826956,1.018537271
78200,-111990.8175,24433.02901,-87557.78845,326.1141336,1.018537271
78300,-112069.1873,24730.51473,-87338.67256,330.0847545,1.018537271
78400,-111946.3478,24420.33589,-87526.01195,325.9447151,1.018537271
78500,-111695.9992,24201.08489,-87494.91436,323.0183137,1.018537271
78600,-111503.4222,24145.60603,-87357.81618,322.2778227,1.018537271
78700,-111540.3225,24455.47714,-87084.84534,326.4137547,1.018537271
78800,-111676.9803,25040.0704,-86636.90986,334.2164763,1.018537271
78900,-112121.8111,25197.78901,-86924.02214,336.3215886,1.018537271
79000,-111896.4211,25096.44781,-86799.97331,334.9689607,1.018537271
79100,-111613.9521,24697.08824,-86916.86385,329.6386022,1.018537271
79200,-111565.042,24598.85047,-86966.19153,328.3273967,1.018537271
79300,-111649.233,24619.27271,-87029.96031,328.5999777,1.018537271
79400,-111509.5187,24520.93441,-86988.58432,327.2874303,1.018537271
79500,-111380.5563,24552.83115,-86827.72517,327.7131645,1.018537271
79600,-111461.6165,24566.12773,-86895.48872,327.8906375,1.018537271
79700,-111439.8799,24614.89526,-86824.98468,328.5415507,1.018537271
79800,-111600.2645,24706.97578,-86893.28873,329.770574,1.018537271
79900,-111704.6445,24832.97406,-86871.67049,331.4523064,1.018537271
80000,-111692.2424,25099.0332,-86593.20917,335.0034685,1.018537271
80100,-111553.5314,24746.49215,-86807.03923,330.2980095,1.018537271
80200,-111876.2583,25108.15834,-86768.09999,335.1252642,1.018537271
80300,-111905.3914,24848.11148,-87057.27994,331.6543497,1.018537271
80400,-111898.3103,24968.24235,-86930.06792,333.2577682,1.018537271
80500,-111729.2233,24859.72477,-86869.49854,331.8093553,1.018537271
80600,-111687.7638,24857.84247,-86829.92131,331.7842317,1.018537271
80700,-111870.0297,24907.08388,-86962.94582,332.4414699,1.018537271
80800,-111744.1022,24677.68151,-87066.42065,329.3795755,1.018537271
80900,-111745.1703,24810.81562,-86934.35467,331.1565519,1.018537271
81000,-111623.6321,24742.5849,-86881.04717,330.2458583,1.018537271
81100,-111591.6716,24774.95824,-86816.71332,330.6779539,1.018537271
81200,-112180.4387,25404.71339,-86775.72528,339.0834633,1.018537271
81300,-111586.0754,24802.90978,-86783.16563,331.0510305,1.018537271
81400,-111812.5274,24813.59574,-86998.93168,331.1936589,1.018537271
81500,-111516.6182,24541.2643,-86975.35394,327.5587787,1.018537271
81600,-111787.5965,24686.13293,-87101.46361,329.4923788,1.018537271
81700,-112221.5698,24971.60795,-87249.96186,333.3026898,1.018537271
81800,-111719.5023,24469.68515,-87249.8171,326.6033928,1.018537271
81900,-111871.2489,24774.33604,-87096.91288,330.6696492,1.018537271
82000,-111652.2005,24844.35712,-86807.84343,331.6042391,1.018537271
82100,-111966.9566,24908.48291,-87058.47372,332.4601431,1.018537271
82200,-111904.8976,24671.30417,-87233.59347,329.2944554,1.018537271
82300,-111371.6777,24514.45253,-86857.22519,327.2009149,1.018537271
82400,-111393.8846,24525.92859,-86867.95604,327.3540889,1.018537271
82500,-111408.8322,24530.91009,-86877.92213,327.4205783,1.018537271
82600,-111788.7609,24677.01277,-87111.74809,329.3706497,1.018537271
82700,-111643.121,24400.47559,-87242.64537,325.6796344,1.018537271
82800,-111700.3529,24722.50143,-86977.85152,329.9777988,1.018537271
82900,-111712.391,24869.31665,-86843.07434,331.9373807,1.018537271
83000,-110698.0423,24335.83303,-86362.20926,324.816833,1.018537271
83100,-111510.2104,24906.13016,-86604.08019,332.4287404,1.018537271
83200,-111927.36,25202.36899,-86724.99098,336.3827188,1.018537271
83300,-111590.9273,25149.73197,-86441.19537,335.6801586,1.018537271
83400,-111590.8229,25066.20634,-86524.61653,334.5653197,1.018537271
83500,-111226.5633,24666.96702,-86559.5963,329.2365664,1.018537271
83600,-111558.2575,25029.17134,-86529.0862,334.0710037,1.018537271
83700,-111512.6517,24772.17143,-86740.48027,330.6407576,1.018537271
83800,-111691.4666,24959.98861,-86731.47795,333.1476035,1.018537271
83900,-111938.4659,24948.12315,-86990.34278,332.989232,1.018537271
84000,-111919.5357,24647.93872,-87271.59702,328.9825906,1.018537271
84100,-111881.0858,24374.14853,-87506.93727,325.3282401,1.018537271
84200,-111814.4118,24129.53943,-87684.87233,322.0633775,1.018537271
84300,-112195.081,24676.07086,-87519.01017,329.3580777,1.018537271
84400,-112141.0399,24796.09861,-87344.9413,330.96012,1.018537271
84500,-112023.7885,24821.60246,-87202.18602,331.3005267,1.018537271
84600,-112175.9319,24780.66714,-87395.26471,330.7541521,1.018537271
84700,-111703.1508,24660.86407,-87042.28673,329.1551087,1.018537271
84800,-111831.9487,24571.43006,-87260.51864,327.9614091,1.018537271
84900,-111506.3296,24421.0009,-87085.32871,325.9535912,1.018537271
85000,-111417.3825,24272.4046,-87144.97794,323.9702368,1.018537271
85100,-111716.661,24700.7616,-87015.89939,329.6876316,1.018537271
85200,-111834.8317,24760.92253,-87073.90921,330.4906156,1.018537271
85300,-111960.2184,24703.2116,-87257.00676,329.7203324,1.018537271
85400,-111504.587,24647.89866,-86856.68829,328.9820559,1.018537271
85500,-111579.8011,24861.09038,-86718.71069,331.8275825,1.018537271
85600,-111933.4215,25377.39838,-86556.02308,338.7188826,1.018537271
85700,-111602.5052,25017.7996,-86584.70559,333.9192221,1.018537271
85800,-111790.7788,24962.03666,-86828.74216,333.1749393,1.018537271
85900,-111380.5967,24552.15105,-86828.44564,327.7040871,1.018537271
86000,-111434.992,24554.05013,-86880.94191,327.7294346,1.018537271
86100,-112175.2892,25365.42809,-86809.86114,338.5591119,1.018537271
86200,-111872.7514,24954.80328,-86917.94812,333.0783935,1.018537271
86300,-111973.1319,25085.11094,-86888.02092,334.8176444,1.018537271
86400,-111830.2922,25046.88295,-86783.40922,334.3074053,1.018537271
86500,-111991.5648,25092.73166,-86898.83316,334.9193603,1.018537271
86600,-111412.9922,24358.93599,-87054.05619,325.1251944,1.018537271
86700,-111338.4212,24892.88712,-86445.53413,332.251982,1.018537271
86800,-111375.3438,24842.34393,-86532.99987,331.5773686,1.018537271
86900,-111911.1368,25646.68774,-86264.4491,342.3131593,1.018537271
87000,-111358.0696,24905.89738,-86452.17219,332.4256334,1.018537271
87100,-111328.1494,24877.45087,-86450.69854,332.0459502,1.018537271
87200,-111173.7585,24698.19862,-86475.5599,329.6534228,1.018537271
87300,-111596.5886,24974.56555,-86622.02301,333.3421657,1.018537271
87400,-111412.7079,24777.68904,-86635.01883,330.7144026,1.018537271
87500,-111230.8374,24628.43403,-86602.40333,328.7222563,1.018537271
87600,-111614.7262,24908.6619,-86706.06426,332.4625322,1.018537271
87700,-111285.8179,24476.21147,-86809.60644,326.6905013,1.018537271
87800,-111371.848,24765.46006,-86606.38794,330.5511792,1.018537271
87900,-111899.7374,25162.98613,-86736.75124,335.8570653,1.018537271
88000,-111429.4458,24731.43535,-86698.01047,330.0970423,1.018537271
88100,-111406.1389,24753.06278,-86653.07611,330.3857093,1.018537271
88200,-111341.9575,24853.78807,-86488.16941,331.7301166,1.018537271
88300,-111340.759,24930.66852,-86410.0905,332.7562604,1.018537271
88400,-111366.871,24779.16732,-86587.70371,330.7341336,1.018537271
88500,-111586.8183,25233.49084,-86353.3275,336.7981104,1.018537271
88600,-111192.644,24946.38141,-86246.26263,332.9659846,1.018537271
88700,-111650.35,25285.9171,-86364.43289,337.4978576,1.018537271
88800,-111222.7032,24735.25703,-86487.44621,330.1480513,1.018537271
88900,-111477.2826,25154.23114,-86323.05144,335.7402102,1.018537271
89000,-111352.6937,25071.19052,-86281.50323,334.6318449,1.018537271
89100,-111317.3231,24754.55559,-86562.76755,330.4056343,1.018537271
89200,-111266.8727,24483.03529,-86783.83739,326.7815807,1.018537271
89300,-111624.5956,24804.74564,-86819.84998,331.0755342,1.018537271
89400,-112098.3357,24861.0846,-87237.25111,331.8275054,1.018537271
89500,-112297.4585,24905.46957,-87391.98895,332.4199233,1.018537271
89600,-112127.9165,24884.99916,-87242.91736,332.1466993,1.018537271
89700,-112062.3022,25062.70695,-86999.59522,334.5186125,1.018537271
89800,-111512.307,24869.54771,-86642.75926,331.9404647,1.018537271
89900,-111790.1262,25102.90025,-86687.22595,335.055083,1.018537271
90000,-111704.6409,25076.79639,-86627.84453,334.7066679,1.018537271
90100,-111473.1083,24948.48002,-86524.62829,332.9939952,1.018537271
90200,-111375.9553,24795.01786,-86580.93747,330.9456949,1.018537271
90300,-111572.875,24762.82365,-86810.05138,330.5159903,1.018537271
90400,-111553.3858,24949.19992,-86604.18586,333.0036039,1.018537271
90500,-111519.2712,25108.10019,-86411.171,335.124488,1.018537271
90600,-111680.4858,24931.67383,-86748.81197,332.7696786,1.018537271
90700,-111509.4533,24717.15715,-86792.29613,329.9064674,1.018537271
90800,-111155.2576,24309.4697,-86845.7879,324.4649546,1.018537271
90900,-111686.5736,24767.91717,-86918.65644,330.5839749,1.018537271
91000,-111745.3134,24829.43352,-86915.87985,331.40505,1.018537271
91100,-111491.833,24404.5283,-87087.30471,325.733727,1.018537271
91200,-111527.7031,24549.27199,-86978.43115,327.6656596,1.018537271
91300,-111461.1409,24519.78737,-86941.35349,327.2721205,1.018537271
91400,-111667.7246,24866.49901,-86801.22556,331.8997728,1.018537271
91500,-111701.185,24751.73483,-86949.45013,330.3679849,1.018537271
91600,-111748.9278,24867.14604,-86881.78178,331.908409,1.018537271
91700,-111327.8274,24584.78417,-86743.04321,328.1396501,1.018537271
91800,-111240.9479,24547.12506,-86693.82287,327.6370039,1.018537271
91900,-111636.7997,25017.20415,-86619.59552,333.9112744,1.018537271
92000,-111827.3372,25073.63368,-86753.7035,334.6644543,1.018537271
92100,-111710.1084,24674.27431,-87035.83412,329.3340987,1.018537271
92200,-111739.2855,24851.58236,-86887.70317,331.7006764,1.018537271
92300,-111631.8513,24796.86847,-86834.9828,330.9703956,1.018537271
92400,-111864.5618,25079.0394,-86785.52239,334.736606,1.018537271
92500,-111657.2043,24954.14086,-86703.06346,333.0695519,1.018537271
92600,-111495.9392,24726.89598,-86769.04321,330.0364541,1.018537271
92700,-111764.478,25052.29463,-86712.18333,334.3796364,1.018537271
92800,-111668.5157,24856.0607,-86812.455,331.76045,1.018537271
92900,-111893.9707,25020.32806,-86873.64261,333.9529701,1.018537271
93000,-111731.0545,24792.5462,-86938.50834,330.9127051,1.018537271
93100,-111657.6336,24664.1909,-86993.44271,329.1995127,1.018537271
93200,-111901.1505,24860.04991,-87041.10059,331.8136951,1.018537271
93300,-111908.8671,24902.56876,-87006.29838,332.3812054,1.018537271
93400,-111961.272,24798.82598,-87162.44598,330.996523,1.018537271
93500,-111917.49,24415.87023,-87501.61978,325.8851108,1.018537271
93600,-112191.6169,24956.15802,-87235.45885,333.0964756,1.018537271
93700,-111779.0536,24505.9924,-87273.06119,327.0879953,1.018537271
93800,-112125.0293,24675.91649,-87449.11276,329.3560174,1.018537271
93900,-111771.6037,24439.88255,-87331.7212,326.2056096,1.018537271
94000,-111629.1743,24366.67995,-87262.49438,325.2285549,1.018537271
94100,-111702.9434,24403.07736,-87299.86604,325.714361,1.018537271
94200,-112068.0899,24735.37475,-87332.7152,330.1496225,1.018537271
94300,-112049.8269,24683.27235,-87366.55459,329.4541979,1.018537271
94400,-111974.1372,24713.03625,-87261.10093,329.8514646,1.018537271
94500,-111958.5971,24916.93692,-87041.66023,332.5729811,1.018537271
94600,-112058.1561,24807.27627,-87250.87983,331.1093113,1.018537271
94700,-111691.7874,24808.85172,-86882.93568,331.1303392,1.018537271
94800,-111686.3569,24890.70861,-86795.64824,332.2229049,1.018537271
94900,-111771.0842,24739.22603,-87031.85816,330.2010266,1.018537271
95000,-111842.5779,24886.49239,-86956.08546,332.1666299,1.018537271
95100,-111919.83,24931.04463,-86988.78536,332.7612804,1.018537271
95200,-112174.733,24888.21921,-87286.51375,332.1896782,1.018537271
95300,-111879.2497,24586.93501,-87292.31465,328.1683579,1.018537271
95400,-111703.1076,24465.23554,-87237.87205,326.5440027,1.018537271
95500,-111640.1468,24539.55265,-87100.59415,327.5359329,1.018537271
95600,-111803.5194,24864.32493,-86939.19445,331.8707549,1.018537271
95700,-111800.4178,24918.14152,-86882.27624,332.5890591,1.018537271
95800,-111208.4598,24362.73799,-86845.72183,325.1759407,1.018537271
95900,-111633.0521,24689.01701,-86944.03507,329.5308734,1.018537271
96000,-111352.8488,24707.78469,-86645.06413,329.7813706,1.018537271
96100,-111664.7299,24821.30922,-86843.42067,331.2966127,1.018537271
96200,-112087.9436,25104.47297,-86983.47063,335.0760746,1.018537271
96300,-111745.813,24354.78246,-87391.03054,325.069756,1.018537271
96400,-112054.3474,24574.31174,-87480.03568,327.9998717,1.018537271
96500,-111825.6618,24593.41193,-87232.2499,328.254807,1.018537271
96600,-112057.2491,24767.7274,-87289.52168,330.5814419,1.018537271
96700,-111800.0134,24471.35901,-87328.65444,326.6257342,1.018537271
96800,-111904.6614,24644.36396,-87260.29745,328.9348773,1.018537271
96900,-111621.0262,24169.9191,-87451.10708,322.6023357,1.018537271
97000,-111453.7433,24307.69838,-87146.04492,324.4413123,1.018537271
97100,-111653.3711,24513.9117,-87139.45942,327.1936963,1.018537271
97200,-111585.2397,24336.78726,-87248.45242,324.8295693,1.018537271
97300,-111514.8777,24239.45356,-87275.42411,323.5304306,1.018537271
97400,-111843.5861,24625.90199,-87217.68407,328.6884605,1.018537271
97500,-111489.4088,24237.85097,-87251.55788,323.5090403,1.018537271
97600,-111645.9631,24700.68035,-86945.28274,329.6865472,1.018537271
97700,-111607.5973,24728.20839,-86879.38895,330.0539712,1.018537271
97800,-111723.0519,24829.88588,-86893.16599,331.4110877,1.018537271
97900,-111691.5846,24901.14771,-86790.43692,332.3622383,1.018537271
98000,-111479.3807,24524.10972,-86955.27094,327.329812,1.018537271
98100,-111812.4851,24811.03329,-87001.45185,331.1594571,1.018537271
98200,-111371.5305,24318.64413,-87052.88632,324.5874082,1.018537271
98300,-111784.2018,24782.96669,-87001.23508,330.7848448,1.018537271
98400,-111609.4289,24564.03972,-87045.38917,327.8627684,1.018537271
98500,-111875.1724,24880.41126,-86994.76114,332.0854634,1.018537271
98600,-111853.9679,24888.0403,-86965.92762,332.1872902,1.018537271
98700,-111559.0275,24658.55078,-86900.4767,329.1242326,1.018537271
98800,-111772.3402,24936.42653,-86835.91367,332.833114,1.018537271
98900,-111560.4323,24486.02076,-87074.41154,326.8214285,1.018537271
99000,-111548.0337,24523.24375,-87024.78999,327.3182536,1.018537271
99100,-111926.8781,24917.14297,-87009.73515,332.5757313,1.018537271
99200,-111666.8921,24600.57277,-87066.31934,328.3503846,1.018537271
99300,-111616.7378,24604.35034,-87012.38745,328.4008048,1.018537271
99400,-111603.6368,24593.54144,-87010.09536,328.2565357,1.018537271
99500,-111788.7592,25014.30934,-86774.44989,333.8726367,1.018537271
99600,-111672.1496,24869.49498,-86802.65467,331.9397608,1.018537271
99700,-111621.1665,24809.91189,-86811.25462,331.1444896,1.018537271
99800,-111718.1271,24702.1526,-87015.97447,329.7061977,1.018537271
99900,-111807.1078,24758.25294,-87048.85486,330.4549839,1.018537271
100000,-111965.0036,24802.60445,-87162.39918,331.0469552,1.018537271
100100,-111901.5252,24840.54555,-87060.9797,331.5533652,1.018537271
100200,-111840.7384,24730.09617,-87110.64222,330.0791679,1.018537271
100300,-112264.8785,25271.86966,-86993.00888,337.3103627,1.018537271
100400,-112040.7257,25247.05005,-86793.67568,336.9790887,1.018537271
100500,-111868.5889,24791.78273,-87076.80613,330.9025149,1.018537271
100600,-112123.1218,24927.5146,-87195.60721,332.7141642,1.018537271
100700,-112231.9751,25123.06029,-87108.91483,335.3241644,1.018537271
100800,-111538.5067,24635.20252,-86903.3042,328.8125972,1.018537271
100900,-111733.1518,24835.45874,-86897.69309,331.4854701,1.018537271
101000,-111645.9546,24473.13794,-87172.81666,326.6494781,1.018537271
101100,-111986.2319,24643.10245,-87343.12943,328.9180396,1.018537271
101200,-112190.1476,24604.72237,-87585.42525,328.4057704,1.018537271
101300,-112037.3716,24672.12267,-87365.24891,329.3053802,1.018537271
101400,-111744.0381,24242.17835,-87501.8598,323.566799,1.018537271
101500,-111765.2819,24332.53115,-87432.75073,324.7727619,1.018537271
101600,-112169.8163,24815.54519,-87354.27113,331.2196786,1.018537271
101700,-111984.06,24586.65283,-87397.40712,328.1645915,1.018537271
101800,-112400.9042,24963.08845,-87437.81578,333.1889778,1.018537271
101900,-112069.1397,24790.30344,-87278.83622,330.8827704,1.018537271
